[
    {
        "key": "dbln",
        "value": "%7B%2261579792186605%22%3A%22HueVUkt9%22%2C%22100095261209944%22%3A%22kqjOE9Rk%22%7D",
        "domain": "facebook.com",
        "path": "/login/device-based/",
        "hostOnly": false,
        "creation": "2025-12-31T15:12:38.497Z",
        "lastAccessed": "2025-12-31T15:12:38.498Z"
    },
    {
        "key": "sb",
        "value": "7yylaMPYtFJm8xGJq8xGHK0C",
        "domain": "facebook.com",
        "path": "/",
        "hostOnly": false,
        "creation": "2025-12-31T15:12:38.498Z",
        "lastAccessed": "2025-12-31T15:12:38.498Z"
    },
    {
        "key": "datr",
        "value": "DQcaabBn1V9YR7Cnzs40Yt7v",
        "domain": "facebook.com",
        "path": "/",
        "hostOnly": false,
        "creation": "2025-12-31T15:12:38.498Z",
        "lastAccessed": "2025-12-31T15:12:38.498Z"
    },
    {
        "key": "ps_l",
        "value": "1",
        "domain": "facebook.com",
        "path": "/",
        "hostOnly": false,
        "creation": "2025-12-31T15:12:38.498Z",
        "lastAccessed": "2025-12-31T15:12:38.498Z"
    },
    {
        "key": "ps_n",
        "value": "1",
        "domain": "facebook.com",
        "path": "/",
        "hostOnly": false,
        "creation": "2025-12-31T15:12:38.498Z",
        "lastAccessed": "2025-12-31T15:12:38.498Z"
    },
    {
        "key": "vpd",
        "value": "v1%3B872x450x2.4000000953674316",
        "domain": "facebook.com",
        "path": "/",
        "hostOnly": false,
        "creation": "2025-12-31T15:12:38.498Z",
        "lastAccessed": "2025-12-31T15:12:38.498Z"
    },
    {
        "key": "dpr",
        "value": "2.4000000953674316",
        "domain": "facebook.com",
        "path": "/",
        "hostOnly": false,
        "creation": "2025-12-31T15:12:38.498Z",
        "lastAccessed": "2025-12-31T15:12:38.498Z"
    },
    {
        "key": "pas",
        "value": "100095261209944%3AoYutUlvYD9",
        "domain": "facebook.com",
        "path": "/",
        "hostOnly": false,
        "creation": "2025-12-31T15:12:38.498Z",
        "lastAccessed": "2025-12-31T15:12:38.498Z"
    },
    {
        "key": "wl_cbv",
        "value": "v2%3Bclient_version%3A3019%3Btimestamp%3A1765801270",
        "domain": "facebook.com",
        "path": "/",
        "hostOnly": false,
        "creation": "2025-12-31T15:12:38.498Z",
        "lastAccessed": "2025-12-31T15:12:38.498Z"
    },
    {
        "key": "wd",
        "value": "980x1899",
        "domain": "facebook.com",
        "path": "/",
        "hostOnly": false,
        "creation": "2025-12-31T15:12:38.498Z",
        "lastAccessed": "2025-12-31T15:12:38.498Z"
    },
    {
        "key": "c_user",
        "value": "61582794815034",
        "domain": "facebook.com",
        "path": "/",
        "hostOnly": false,
        "creation": "2025-12-31T15:12:38.498Z",
        "lastAccessed": "2025-12-31T15:12:38.498Z"
    },
    {
        "key": "fr",
        "value": "1XzhJ9qmh1Ie1PObU.AWfoxFYLL_dMBCsVpDnrb-JBTK9kM4aMPl_NtK8v8fAECccnr5g.BpVTvh..AAA.0.0.BpVTvh.AWexMeYOHw70C11Aiz9ktsZWzCI",
        "domain": "facebook.com",
        "path": "/",
        "hostOnly": false,
        "creation": "2025-12-31T15:12:38.498Z",
        "lastAccessed": "2025-12-31T15:12:38.498Z"
    },
    {
        "key": "xs",
        "value": "24%3Ax_KfzY7NdwqTcw%3A2%3A1767191595%3A-1%3A-1%3A%3AAcxaC5KS4j2PLoflHLdwYNIQGKkFoo0fzpB7qKbDLA",
        "domain": "facebook.com",
        "path": "/",
        "hostOnly": false,
        "creation": "2025-12-31T15:12:38.498Z",
        "lastAccessed": "2025-12-31T15:12:38.498Z"
    }
]